<?xml version="1.0" encoding="UTF-8"?>
<metadata>
  <idinfo>
    <citation>
      <citeinfo>
        <origin/>
        <pubdate>20160501</pubdate>
        <title>Ichimanbun no ichi chikeizu Tōkyō kinbō, Maps Index</title>
        <geoform>vector digital data</geoform>
        <pubinfo>
          <pubplace/>
          <publish>Stanford Digital Repository</publish>
        </pubinfo>
        <onlink>http://purl.stanford.edu/hv539dq6147</onlink>
        <lworkcit>
          <citeinfo>
            <title>Topographic Map Indexes (Shapefiles)</title>
          </citeinfo>
        </lworkcit>
      </citeinfo>
    </citation>
    <descript>
      <abstract>This polygon shapefile is an index to 1:10,000 scale maps of Tokyo (Japan), titled 'Ichimanbun no ichi chikeizu Tōkyōkinbō-- 一万分一地形圖東京近傍. This map series was originally produced by the Japanese Land Survey Department of the General Staff Headquarters in 1937. Stanford University Libraries holds a large collection of Japanese military and imperial maps, referred to as gaihōzu, or "maps of outer lands." These maps were produced starting in the early Meiji (1868-1912) era and the end of World War II by the Land Survey Department of the General Staff Headquarters, the former Japanese Army. The Library is in the process of scanning and making available all of the maps in the collection. To create this index, footprints were generated using the fishnet tool, and metadata were supplied for the digitized paper maps by Stanford University Libraries. After the footprints were created, the shapefile was trimmed and labeled according to the sources.</abstract>
      <purpose>This layer provides an index map that can be used to locate individual scanned map sheets.</purpose>
    </descript>
    <timeperd>
      <timeinfo>
        <rngdates>
          <begdate>19370101</begdate>
          <enddate>19371231</enddate>
        </rngdates>
      </timeinfo>
      <current>ground condition</current>
    </timeperd>
    <status>
      <progress>Complete</progress>
      <update>As needed</update>
    </status>
    <spdom>
      <bounding>
        <westbc>139.550000</westbc>
        <eastbc>139.950000</eastbc>
        <northbc>35.833300</northbc>
        <southbc>35.500000</southbc>
      </bounding>
    </spdom>
    <keywords>
      <theme>
        <themekt>lcsh</themekt>
        <themekey>Grids (Cartography)</themekey>
        <themekey>Index maps</themekey>
        <themekey>Military maps</themekey>
        <themekey>Topographic maps</themekey>
      </theme>
      <theme>
        <themekt>ISO 19115 Topic Categories</themekt>
        <themekey>boundaries</themekey>
        <themekey>intelligenceMilitary</themekey>
      </theme>
      <place>
        <placekt>geonames</placekt>
        <placekey>Tokyo (Japan)</placekey>
        <placekey>Tokyo Region (Japan)</placekey>
        <placekey>Japan</placekey>
      </place>
    </keywords>
    <accconst>This item is in the public domain. There are no restrictions on access or use.</accconst>
    <useconst>None</useconst>
    <ptcontac>
      <cntinfo>
        <cntorgp>
          <cntorg>Stanford Geospatial Center</cntorg>
        </cntorgp>
        <cntaddr>
          <addrtype>physical</addrtype>
          <address>Branner Earth Sciences Library</address>
          <address>Mitchell Building, 2nd Floor</address>
          <address>397 Panama Mall</address>
          <city>Stanford</city>
          <state>California</state>
          <postal>94305</postal>
        </cntaddr>
        <cntvoice>650-723-2746</cntvoice>
        <cntemail>brannerlibrary@stanford.edu</cntemail>
      </cntinfo>
    </ptcontac>
    <datacred>Stanford Geospatial Center. (2016). Ichimanbun no ichi chikeizu Tōkyō kinbō, Maps Index. Stanford Digital Repository. Available at: http://purl.stanford.edu/hv539dq6147.</datacred>
    <native>Microsoft Windows 7 Version 6.1 (Build 7601) Service Pack 1; Esri ArcGIS 10.3.1.4959</native>
    <crossref>
      <citeinfo>
        <title>Ichimanbun no ichi chikeizu Tōkyō kinbō</title>
        <onlink>https://searchworks.stanford.edu/view/10645343</onlink>
      </citeinfo>
    </crossref>
  </idinfo>
  <dataqual>
    <lineage>
      <srcinfo>
        <srccite>
          <citeinfo>
            <title>Ichimanbun no ichi chikeizu Tōkyō kinbō</title>
            <onlink>https://searchworks.stanford.edu/view/10645343</onlink>
          </citeinfo>
        </srccite>
        <typesrc>hardcopy</typesrc>
        <srccitea>Ichimanbun no ichi chikeizu Tōkyō kinbō</srccitea>
        <srccontr>Paper map series</srccontr>
      </srcinfo>
    </lineage>
  </dataqual>
  <spdoinfo>
    <direct>Vector</direct>
    <ptvctinf>
      <sdtsterm>
        <sdtstype>GT-polygon composed of chains</sdtstype>
        <ptvctcnt>52</ptvctcnt>
      </sdtsterm>
    </ptvctinf>
  </spdoinfo>
  <eainfo>
    <detailed>
      <enttyp>
        <enttypl>JMM_B31_J206</enttypl>
      </enttyp>
      <attr>
        <attrlabl>FID</attrlabl>
        <attrdef>Internal feature number.</attrdef>
        <attrdefs>Esri</attrdefs>
        <attrdomv>
          <udom>Sequential unique whole numbers that are automatically generated.</udom>
        </attrdomv>
      </attr>
      <attr>
        <attrlabl>Shape</attrlabl>
        <attrdef>Feature geometry.</attrdef>
        <attrdefs>Esri</attrdefs>
        <attrdomv>
          <udom>Coordinates defining the features.</udom>
        </attrdomv>
      </attr>
      <attr>
        <attrlabl>Id</attrlabl>
      </attr>
      <attr>
        <attrlabl>Sheet_Num</attrlabl>
      </attr>
      <attr>
        <attrlabl>Call_Short</attrlabl>
      </attr>
      <attr>
        <attrlabl>Sheet_ID</attrlabl>
      </attr>
      <attr>
        <attrlabl>Symph_Bar</attrlabl>
      </attr>
      <attr>
        <attrlabl>Call_Num</attrlabl>
      </attr>
      <attr>
        <attrlabl>Label</attrlabl>
      </attr>
      <attr>
        <attrlabl>Druid</attrlabl>
      </attr>
      <attr>
        <attrlabl>Purl</attrlabl>
      </attr>
      <attr>
        <attrlabl>Title</attrlabl>
      </attr>
      <attr>
        <attrlabl>Ckey</attrlabl>
      </attr>
      <attr>
        <attrlabl>sheet</attrlabl>
      </attr>
      <attr>
        <attrlabl>web_map</attrlabl>
      </attr>
    </detailed>
  </eainfo>
  <distinfo>
    <distrib>
      <cntinfo>
        <cntorgp>
          <cntorg>Stanford Geospatial Center</cntorg>
        </cntorgp>
        <cntaddr>
          <addrtype>physical</addrtype>
          <address>Branner Earth Sciences Library</address>
          <address>Mitchell Building, 2nd Floor</address>
          <address>397 Panama Mall</address>
          <city>Stanford</city>
          <state>California</state>
          <postal>94305</postal>
        </cntaddr>
        <cntvoice>650-723-2746</cntvoice>
        <cntemail>brannerlibrary@stanford.edu</cntemail>
      </cntinfo>
    </distrib>
    <distliab>See access and use constraints information.</distliab>
  </distinfo>
  <metainfo>
    <metd>20161019</metd>
    <metc>
      <cntinfo>
        <cntorgp>
          <cntorg>Stanford Geospatial Center</cntorg>
        </cntorgp>
        <cntaddr>
          <addrtype>physical</addrtype>
          <address>Branner Earth Sciences Library</address>
          <address>Mitchell Building, 2nd Floor</address>
          <address>397 Panama Mall</address>
          <city>Stanford</city>
          <state>California</state>
          <postal>94305</postal>
        </cntaddr>
        <cntvoice>650-723-2746</cntvoice>
        <cntemail>brannerlibrary@stanford.edu</cntemail>
      </cntinfo>
    </metc>
    <metstdn>FGDC Content Standard for Digital Geospatial Metadata</metstdn>
    <metstdv>FGDC-STD-001-1998</metstdv>
    <mettc>local time</mettc>
  </metainfo>
</metadata>
